{"cameraMode":{"drawMode":0,"name":"Shaded","section":"Shading Mode"},"sceneLighting":false,"audioPlay":false,"sceneViewState":{"showFog":true,"showMaterialUpdate":true,"showSkybox":true,"showFlares":true,"showImageEffects":true,"showParticleSystems":true},"in2DMode":false,"pivot":{"x":6.559999942779541,"y":0.7300000190734863,"z":-7.489999771118164},"rotation":{"x":-0.17613281309604646,"y":-0.7780537605285645,"z":0.24966689944267274,"w":-0.5488861799240112},"size":2.9345221519470217,"orthographic":false}