{"cameraMode":{"drawMode":0,"name":"Shaded","section":"Shading Mode"},"sceneLighting":true,"audioPlay":false,"sceneViewState":{"showFog":true,"showMaterialUpdate":true,"showSkybox":true,"showFlares":true,"showImageEffects":true,"showParticleSystems":true},"in2DMode":false,"pivot":{"x":-38.43388748168945,"y":-21.589082717895509,"z":17.798768997192384},"rotation":{"x":0.30028337240219118,"y":0.36473503708839419,"z":-0.12554484605789185,"w":0.8723742365837097},"size":39.62116241455078,"orthographic":false}