{"cameraMode":{"drawMode":0,"name":"Shaded","section":"Shading Mode"},"sceneLighting":false,"audioPlay":false,"sceneViewState":{"showFog":true,"showMaterialUpdate":true,"showSkybox":true,"showFlares":true,"showImageEffects":true,"showParticleSystems":true},"in2DMode":false,"pivot":{"x":19.11585807800293,"y":762.3574829101563,"z":-16.707984924316408},"rotation":{"x":0.3124310374259949,"y":0.03703714907169342,"z":-0.012191605754196644,"w":0.9491398930549622},"size":84.2069320678711,"orthographic":false}