{"cameraMode":{"drawMode":0,"name":"Shaded","section":"Shading Mode"},"sceneLighting":false,"audioPlay":false,"sceneViewState":{"showFog":true,"showMaterialUpdate":true,"showSkybox":true,"showFlares":true,"showImageEffects":true,"showParticleSystems":true},"in2DMode":false,"pivot":{"x":2.0291852951049806,"y":-1.5691046714782715,"z":1.8001492023468018},"rotation":{"x":0.17177389562129975,"y":0.3640696406364441,"z":-0.06850890070199967,"w":0.9128272533416748},"size":6.004945278167725,"orthographic":false}