{"cameraMode":{"drawMode":0,"name":"Shaded","section":"Shading Mode"},"sceneLighting":true,"audioPlay":false,"sceneViewState":{"showFog":true,"showMaterialUpdate":true,"showSkybox":true,"showFlares":true,"showImageEffects":true,"showParticleSystems":true},"in2DMode":false,"pivot":{"x":-54.21577453613281,"y":-30.475040435791017,"z":40.49296569824219},"rotation":{"x":0.3302854895591736,"y":0.06788921356201172,"z":-0.02382129430770874,"w":0.9411349892616272},"size":59.01871109008789,"orthographic":false}