{"cameraMode":{"drawMode":0,"name":"Shaded","section":"Shading Mode"},"sceneLighting":true,"audioPlay":false,"sceneViewState":{"showFog":true,"showMaterialUpdate":true,"showSkybox":true,"showFlares":true,"showImageEffects":true,"showParticleSystems":true},"in2DMode":false,"pivot":{"x":-43.018035888671878,"y":-13.022932052612305,"z":7.928092002868652},"rotation":{"x":-0.31695032119750979,"y":-0.47617509961128237,"z":0.1890895664691925,"w":-0.7981508374214172},"size":36.37485122680664,"orthographic":false}