{"cameraMode":{"drawMode":0,"name":"Shaded","section":"Shading Mode"},"sceneLighting":true,"audioPlay":false,"sceneViewState":{"showFog":true,"showMaterialUpdate":true,"showSkybox":true,"showFlares":true,"showImageEffects":true,"showParticleSystems":true},"in2DMode":false,"pivot":{"x":-62.12351608276367,"y":-1.6144285202026368,"z":5.655115127563477},"rotation":{"x":-0.24750694632530213,"y":-0.05374022200703621,"z":0.013750745914876461,"w":-0.9672968983650208},"size":16.707868576049806,"orthographic":false}