{"cameraMode":{"drawMode":0,"name":"Shaded","section":"Shading Mode"},"sceneLighting":false,"audioPlay":false,"sceneViewState":{"showFog":true,"showMaterialUpdate":true,"showSkybox":true,"showFlares":true,"showImageEffects":true,"showParticleSystems":true},"in2DMode":false,"pivot":{"x":404.11761474609377,"y":732.7136840820313,"z":189.6138916015625},"rotation":{"x":0.04709111154079437,"y":-0.30658748745918276,"z":0.015188579447567463,"w":0.9505555629730225},"size":674.236083984375,"orthographic":false}