{"cameraMode":{"drawMode":0,"name":"Shaded","section":"Shading Mode"},"sceneLighting":false,"audioPlay":false,"sceneViewState":{"showFog":true,"showMaterialUpdate":true,"showSkybox":true,"showFlares":true,"showImageEffects":true,"showParticleSystems":true},"in2DMode":false,"pivot":{"x":354.86456298828127,"y":710.4110107421875,"z":290.22607421875},"rotation":{"x":0.17733639478683473,"y":-0.04869402199983597,"z":0.008785396814346314,"w":0.9829056262969971},"size":1319.4237060546875,"orthographic":false}