{"cameraMode":{"drawMode":0,"name":"Shaded","section":"Shading Mode"},"sceneLighting":false,"audioPlay":false,"sceneViewState":{"showFog":true,"showMaterialUpdate":true,"showSkybox":true,"showFlares":true,"showImageEffects":true,"showParticleSystems":true},"in2DMode":false,"pivot":{"x":0.03513367474079132,"y":3.275852918624878,"z":0.19483792781829835},"rotation":{"x":-0.1745689958333969,"y":0.019784312695264818,"z":-0.003507945453748107,"w":-0.9844399690628052},"size":2.2578837871551515,"orthographic":false}