{"cameraMode":{"drawMode":0,"name":"Shaded","section":"Shading Mode"},"sceneLighting":true,"audioPlay":false,"sceneViewState":{"showFog":true,"showMaterialUpdate":true,"showSkybox":true,"showFlares":true,"showImageEffects":true,"showParticleSystems":true},"in2DMode":false,"pivot":{"x":-60.4744873046875,"y":-1.175544261932373,"z":-4.377679347991943},"rotation":{"x":0.5597562789916992,"y":0.06818009912967682,"z":-0.04628491774201393,"w":0.824549674987793},"size":9.637307167053223,"orthographic":false}