{"cameraMode":{"drawMode":0,"name":"Shaded","section":"Shading Mode"},"sceneLighting":true,"audioPlay":false,"sceneViewState":{"showFog":true,"showMaterialUpdate":true,"showSkybox":true,"showFlares":true,"showImageEffects":true,"showParticleSystems":true},"in2DMode":false,"pivot":{"x":-63.32435989379883,"y":-0.1513671875,"z":2.308016061782837},"rotation":{"x":0.5065973997116089,"y":0.11313221603631973,"z":-0.06726278364658356,"w":0.8520774841308594},"size":4.791451930999756,"orthographic":true}