{"cameraMode":{"drawMode":0,"name":"Shaded","section":"Shading Mode"},"sceneLighting":false,"audioPlay":false,"sceneViewState":{"showFog":true,"showMaterialUpdate":true,"showSkybox":true,"showFlares":true,"showImageEffects":true,"showParticleSystems":true},"in2DMode":false,"pivot":{"x":0.43005967140197756,"y":0.07740068435668946,"z":0.3617105484008789},"rotation":{"x":-0.16797487437725068,"y":-0.4657900631427765,"z":0.09054885804653168,"w":-0.8640746474266052},"size":3.399729013442993,"orthographic":false}