{"cameraMode":{"drawMode":0,"name":"Shaded","section":"Shading Mode"},"sceneLighting":false,"audioPlay":false,"sceneViewState":{"showFog":true,"showMaterialUpdate":true,"showSkybox":true,"showFlares":true,"showImageEffects":true,"showParticleSystems":true},"in2DMode":false,"pivot":{"x":7.869999885559082,"y":1.1299999952316285,"z":-3.559999942779541},"rotation":{"x":-0.24485571682453156,"y":-0.031413424760103229,"z":0.007937862537801266,"w":-0.9690179824829102},"size":10.254351615905762,"orthographic":false}