{"cameraMode":{"drawMode":0,"name":"Shaded","section":"Shading Mode"},"sceneLighting":true,"audioPlay":false,"sceneViewState":{"showFog":true,"showMaterialUpdate":true,"showSkybox":true,"showFlares":true,"showImageEffects":true,"showParticleSystems":true},"in2DMode":false,"pivot":{"x":-61.0111083984375,"y":0.7880859375,"z":2.9580078125},"rotation":{"x":-0.48166218400001528,"y":-0.04859013855457306,"z":0.026760051026940347,"w":-0.8745996356010437},"size":8.6458158493042,"orthographic":true}