{"cameraMode":{"drawMode":0,"name":"Shaded","section":"Shading Mode"},"sceneLighting":false,"audioPlay":false,"sceneViewState":{"showFog":true,"showMaterialUpdate":true,"showSkybox":true,"showFlares":true,"showImageEffects":true,"showParticleSystems":true},"in2DMode":false,"pivot":{"x":249.41639709472657,"y":618.7750854492188,"z":148.38922119140626},"rotation":{"x":0.03529973700642586,"y":0.19511106610298158,"z":-0.007027033716440201,"w":0.9801205396652222},"size":610.2945556640625,"orthographic":false}