{"cameraMode":{"drawMode":0,"name":"Shaded","section":"Shading Mode"},"sceneLighting":false,"audioPlay":false,"sceneViewState":{"showFog":true,"showMaterialUpdate":true,"showSkybox":true,"showFlares":true,"showImageEffects":true,"showParticleSystems":true},"in2DMode":false,"pivot":{"x":2.7728357315063478,"y":1.7081174850463868,"z":-0.6310648918151856},"rotation":{"x":-0.17950446903705598,"y":0.10366594791412354,"z":-0.01902523636817932,"w":-0.9780948758125305},"size":2.712880849838257,"orthographic":false}