{"cameraMode":{"drawMode":0,"name":"Shaded","section":"Shading Mode"},"sceneLighting":false,"audioPlay":false,"sceneViewState":{"showFog":true,"showMaterialUpdate":true,"showSkybox":true,"showFlares":true,"showImageEffects":true,"showParticleSystems":true},"in2DMode":false,"pivot":{"x":329.05035400390627,"y":658.2667236328125,"z":147.1029052734375},"rotation":{"x":0.13905347883701325,"y":-0.3621600866317749,"z":0.05473519116640091,"w":0.9200588464736939},"size":570.9035034179688,"orthographic":false}