{"cameraMode":{"drawMode":0,"name":"Shaded","section":"Shading Mode"},"sceneLighting":true,"audioPlay":false,"sceneViewState":{"showFog":true,"showMaterialUpdate":true,"showSkybox":true,"showFlares":true,"showImageEffects":true,"showParticleSystems":true},"in2DMode":false,"pivot":{"x":-62.01446533203125,"y":2.93310546875,"z":2.0224609375},"rotation":{"x":0.3468298017978668,"y":-0.13162872195243836,"z":0.049229178577661517,"w":0.9273399710655212},"size":4.178118705749512,"orthographic":true}