{"cameraMode":{"drawMode":0,"name":"Shaded","section":"Shading Mode"},"sceneLighting":false,"audioPlay":false,"sceneViewState":{"showFog":true,"showMaterialUpdate":true,"showSkybox":true,"showFlares":true,"showImageEffects":true,"showParticleSystems":true},"in2DMode":false,"pivot":{"x":0.14990234375,"y":0.2724609375,"z":-0.16815185546875},"rotation":{"x":0.5557315349578857,"y":-0.3979962170124054,"z":0.34340420365333559,"w":0.6440770030021668},"size":1.7530393600463868,"orthographic":true}