{"cameraMode":{"drawMode":0,"name":"Shaded","section":"Shading Mode"},"sceneLighting":false,"audioPlay":false,"sceneViewState":{"showFog":true,"showMaterialUpdate":true,"showSkybox":true,"showFlares":true,"showImageEffects":true,"showParticleSystems":true},"in2DMode":false,"pivot":{"x":0.07950257509946823,"y":640.84033203125,"z":4.0845208168029789},"rotation":{"x":0.3123931288719177,"y":-0.03988058120012283,"z":0.013127618469297886,"w":0.9490246772766113},"size":46.46442413330078,"orthographic":false}