{"cameraMode":{"drawMode":0,"name":"Shaded","section":"Shading Mode"},"sceneLighting":true,"audioPlay":false,"sceneViewState":{"showFog":true,"showMaterialUpdate":true,"showSkybox":true,"showFlares":true,"showImageEffects":true,"showParticleSystems":true},"in2DMode":false,"pivot":{"x":-62.01446533203125,"y":2.93310546875,"z":2.0224609375},"rotation":{"x":0.49793243408203127,"y":-0.0662132054567337,"z":0.03816593065857887,"w":0.863841712474823},"size":4.82680606842041,"orthographic":true}