{"cameraMode":{"drawMode":0,"name":"Shaded","section":"Shading Mode"},"sceneLighting":false,"audioPlay":false,"sceneViewState":{"showFog":true,"showMaterialUpdate":true,"showSkybox":true,"showFlares":true,"showImageEffects":true,"showParticleSystems":true},"in2DMode":false,"pivot":{"x":0.4614046812057495,"y":-0.13692378997802735,"z":0.5989727973937988},"rotation":{"x":0.3219478130340576,"y":0.20372594892978669,"z":-0.07114949822425842,"w":0.9218368530273438},"size":5.698345184326172,"orthographic":false}