{"cameraMode":{"drawMode":0,"name":"Shaded","section":"Shading Mode"},"sceneLighting":true,"audioPlay":false,"sceneViewState":{"showFog":true,"showMaterialUpdate":false,"showSkybox":true,"showFlares":true,"showImageEffects":true,"showParticleSystems":true},"in2DMode":false,"pivot":{"x":-59.318180084228519,"y":-3.405088424682617,"z":-3.135298728942871},"rotation":{"x":-0.758650541305542,"y":0.007228955626487732,"z":-0.008419051766395569,"w":-0.6514054536819458},"size":23.305055618286134,"orthographic":false}