{"cameraMode":{"drawMode":0,"name":"Shaded","section":"Shading Mode"},"sceneLighting":true,"audioPlay":false,"sceneViewState":{"showFog":true,"showMaterialUpdate":false,"showSkybox":true,"showFlares":true,"showImageEffects":true,"showParticleSystems":true},"in2DMode":false,"pivot":{"x":437.48150634765627,"y":133.88430786132813,"z":162.30931091308595},"rotation":{"x":0.3829340636730194,"y":-0.01108480803668499,"z":0.004595404490828514,"w":0.923697829246521},"size":491.235107421875,"orthographic":true}