{"cameraMode":{"drawMode":0,"name":"Shaded","section":"Shading Mode"},"sceneLighting":true,"audioPlay":false,"sceneViewState":{"showFog":true,"showMaterialUpdate":false,"showSkybox":true,"showFlares":true,"showImageEffects":true,"showParticleSystems":true},"in2DMode":false,"pivot":{"x":-62.788482666015628,"y":-0.7831993103027344,"z":2.5682106018066408},"rotation":{"x":0.4017239809036255,"y":1.2891613998533558e-8,"z":-1.0335478251022323e-8,"w":0.91576087474823},"size":16.159116744995118,"orthographic":false}