{"cameraMode":{"drawMode":0,"name":"Shaded","section":"Shading Mode"},"sceneLighting":true,"audioPlay":false,"sceneViewState":{"showFog":true,"showMaterialUpdate":false,"showSkybox":true,"showFlares":true,"showImageEffects":true,"showParticleSystems":true},"in2DMode":false,"pivot":{"x":426.4454040527344,"y":118.40603637695313,"z":-286.51983642578127},"rotation":{"x":-0.10641144216060639,"y":0.06021612882614136,"z":-0.006452665664255619,"w":-0.9924821257591248},"size":327.0610046386719,"orthographic":false}