{"cameraMode":{"drawMode":0,"name":"Shaded","section":"Shading Mode"},"sceneLighting":true,"audioPlay":false,"sceneViewState":{"showFog":true,"showMaterialUpdate":false,"showSkybox":true,"showFlares":true,"showImageEffects":true,"showParticleSystems":true},"in2DMode":false,"pivot":{"x":949.5453491210938,"y":319.8636474609375,"z":0.0},"rotation":{"x":0.025496207177639009,"y":-0.008996856398880482,"z":0.0002294697769684717,"w":0.9996344447135925},"size":1337.714599609375,"orthographic":true}