{"cameraMode":{"drawMode":0,"name":"Shaded","section":"Shading Mode"},"sceneLighting":true,"audioPlay":false,"sceneViewState":{"showFog":true,"showMaterialUpdate":false,"showSkybox":true,"showFlares":true,"showImageEffects":true,"showParticleSystems":true},"in2DMode":false,"pivot":{"x":-29.68359375,"y":90.908203125,"z":-181.79296875},"rotation":{"x":0.24515417218208314,"y":0.09868315607309342,"z":-0.025092817842960359,"w":0.9641221165657044},"size":22.984498977661134,"orthographic":true}