{"cameraMode":{"drawMode":0,"name":"Shaded","section":"Shading Mode"},"sceneLighting":false,"audioPlay":false,"sceneViewState":{"showFog":true,"showMaterialUpdate":false,"showSkybox":true,"showFlares":true,"showImageEffects":true,"showParticleSystems":true},"in2DMode":false,"pivot":{"x":-65.31798553466797,"y":0.8801975250244141,"z":3.2922182083129885},"rotation":{"x":0.3185988962650299,"y":0.19708476960659028,"z":-0.0679052472114563,"w":0.9246844053268433},"size":22.0,"orthographic":false}