{"cameraMode":{"drawMode":0,"name":"Shaded","section":"Shading Mode"},"sceneLighting":true,"audioPlay":false,"sceneViewState":{"showFog":true,"showMaterialUpdate":false,"showSkybox":true,"showFlares":true,"showImageEffects":true,"showParticleSystems":true},"in2DMode":false,"pivot":{"x":434.861572265625,"y":16.63360595703125,"z":0.0},"rotation":{"x":-0.017773635685443879,"y":0.15772059559822083,"z":-0.0028392875101417305,"w":-0.9873197674751282},"size":379.9053955078125,"orthographic":true}