{"cameraMode":{"drawMode":0,"name":"Shaded","section":"Shading Mode"},"sceneLighting":false,"audioPlay":false,"sceneViewState":{"showFog":true,"showMaterialUpdate":false,"showSkybox":true,"showFlares":true,"showImageEffects":true,"showParticleSystems":true},"in2DMode":false,"pivot":{"x":-55.89411163330078,"y":1.43896484375,"z":3.024268388748169},"rotation":{"x":0.7068384289741516,"y":-0.000054500229452969506,"z":0.000030334824259625748,"w":0.7073750495910645},"size":1.3445773124694825,"orthographic":true}