{"cameraMode":{"drawMode":0,"name":"Shaded","section":"Shading Mode"},"sceneLighting":false,"audioPlay":false,"sceneViewState":{"showFog":true,"showMaterialUpdate":false,"showSkybox":true,"showFlares":true,"showImageEffects":true,"showParticleSystems":true},"in2DMode":false,"pivot":{"x":-56.001976013183597,"y":1.2999999523162842,"z":3.0},"rotation":{"x":0.30480679869651797,"y":0.23255471885204316,"z":-0.07701714336872101,"w":0.9203692674636841},"size":1.502312421798706,"orthographic":false}